<?xml version='1.0' encoding='UTF-8' ?>
<timeLogEntries>
  <time id="4" path="/No Proyecto/PSP0/Planning" start="@1536197982295" delta="97" />
  <time id="1" path="/No Proyecto/PSP0/Planning" start="@1536174301000" delta="65" />
  <time id="5" path="/No Proyecto/PSP0/Code" start="@1536277170433" delta="104" />
  <time id="6" path="/No Proyecto/PSP0/Code" start="@1536423807474" delta="156" />
  <time id="7" path="/Proyecto/BASQUETBALL/Planning" start="@1539033775280" delta="60" />
  <time id="8" path="/Proyecto/PSP0/Planning" start="@1538679687000" delta="87" comment="" />
  <time id="9" path="/Proyecto/PSP0/Planning" start="@1538842545000" delta="39" />
  <time id="13" path="/Proyecto/PSP0/Design" start="@1540500952000" delta="73" />
  <time id="14" path="/Proyecto/PSP0/Code" start="@1538940440000" delta="50" />
  <time id="15" path="/Proyecto/PSP0/Code" start="@1539893533000" delta="200" />
</timeLogEntries>
