<?xml version='1.0' encoding='UTF-8' ?>
<timeLogEntries>
  <time id="16" path="/No Proyecto/Lab2AED/Code" start="@1552156512000" delta="484" comment="" flag="A" />
  <time id="17" path="/No Proyecto/Lab2AED/Code" start="@1552857452000" delta="379" flag="A" />
  <time id="18" path="/No Proyecto/Lab2AED/Code" start="@1552080844000" delta="100" flag="A" />
  <time id="19" path="/No Proyecto/Lab2AED/Code" start="@1552678123000" delta="233" flag="A" />
  <time id="20" path="/No Proyecto/Lab2AED/Code" start="@1552707411000" delta="398" flag="A" />
  <time id="21" path="/No Proyecto/Lab2AED/Code" start="@1552466422000" delta="276" flag="A" />
  <time id="22" flag="D" />
  <time id="23" path="/No Proyecto/Lab2AED/Code" start="@1552729386044" delta="11" flag="A" />
  <time id="24" path="/No Proyecto/Lab2AED/Design" start="@1551971519000" delta="57" flag="A" />
</timeLogEntries>
