<?xml version='1.0' encoding='UTF-8' ?>
<timeLogEntries>
  <time path="/new&#10;/LAB2" flag="R" />
  <time id="1" path="/LAB2/PSP0/Planning" start="@1551458974000" interrupt="120" comment="Se realizo la identifiación del problema y la definición del mismo. Se realizaron los requerimientos funcionales, la segunda fase del método de la ingeniería con toda la recpilación de la información hasta la definición de ideas creativas. Se realizo el descarte de ideas y se añadieron los cirterios de evaluación y se llevo acabo la selección" flag="A" />
  <time id="2" path="/LAB2/PSP0/Planning" start="@1552063938000" interrupt="120" comment="Se realizaron los requerimientos funcionales, la segunda fase del método de la ingeniería con toda la recpilación de la información hasta la definición de ideas creativas." flag="A" />
  <time id="3" path="/LAB2/PSP0/Planning" start="@1552136003000" interrupt="210" comment="Se realizo el descarte de ideas y se añadieron los cirterios de evaluación y se llevo acabo la selección" flag="A" />
  <time id="4" flag="D" />
  <time id="5" path="/LAB2/PSP0/Design" start="@1552503916000" interrupt="139" comment="Se realizaron los TAD de las estructuras de datos incorporadas,menos la de la hash table." flag="A" />
  <time id="6" path="/LAB2/PSP0/Design" start="@1552527453000" interrupt="240" comment="Se realizo el diagrama de clases y se modificaron los TAD, además de que se añadio el TAD de la tabla Hash." flag="A" />
  <time id="7" path="/LAB2/PSP0/Design" start="@1552582727000" interrupt="240" comment="Se realizo los últimos detalles de diseño con los tad, el diagrama, y el diseño de pruebas unitarias." flag="A" />
</timeLogEntries>
